Name,Position,Season
Todd Gurley,RB,2015
Amari Cooper,WR,2015
Melvin Gordon,RB,2015
TJ Yeldon,RB,2015
DeVante Parker,WR,2015
Tevin Coleman,RB,2015
Ameer Abdullah,RB,2015
Nelson Agholor,WR,2015
Dorial Green-Beckham,WR,2015
Breshod Perriman,WR,2015
Jameis Winston,QB,2015
Marcus Mariota,QB,2015
Jaelen Strong,WR,2015
Jay Ajayi,RB,2015
David Johnson,RB,2015
Duke Johnson,RB,2015
David Cobb,RB,2015
Philip Dorsett,WR,2015
Blake Bell,TE,2015
Devin Funchess,TE,2015
Matt Jones,RB,2015
Tyler Lockett,WR,2015
Javorious Allen,RB,2015
Cameron Artis-Payne,RB,2015
Jeremy Langford,RB,2015
Josh Robinson,RB,2015
Chris Conley,WR,2015
MyCole Pruitt,WR,2015
Justin Hardy,WR,2015
DeAndre Smelter,WR,2015
Mike Davis,RB,2015
Ty Montgomery II,WR,2015
Clive Walford,TE,2015
Karlos Williams,RB,2015
Ezekiel Elliott,RB,2016
Corey Coleman,WR,2016
Laquon Treadwell,WR,2016
Josh Doctson,WR,2016
Sterling Shepard,WR,2016
Derrick Henry,RB,2016
Michael Thomas,WR,2016
Kenneth Dixon,RB,2016
Tyler Boyd,WR,2016
Will Fuller,WR,2016
CJ Prosise,RB,2016
Leontee Caroo,WR,2016
Devontae Booker,RB,2016
Paul Perkins,RB,2016
Braxton Miller,WR,2016
Hunter Henry,TE,2016
Jordan Howard,RB,2016
Pharoah Cooper,WR,2016
Kenyan Drake,RB,2016
Malcolm Mitchell,WR,2016
Jerell Adams,TE,2016
Mike Thomas,WR,2016
Keith Marshall,RB,2016
Tajae Sharpe,WR,2016
DeAndre Washington,RB,2016
Jared Goff,QB,2016
Tyler Lockett,WR,2016
Jonathan Williams,RB,2016
Wendell Smallwood,RB,2016
Jordan Payton,WR,2016
Carson Wentz,QB,2016
Austin Hooper,TE,2016
Alex Collins,RB,2016
Paxton Lynch,QB,2016
Stefon Diggs,WR,2016
Keenan Reynolds,RB,2016
Tyler Higbee,TE,2016
Tyler Ervin,RB,2016
Demarcus Robinson,WR,2016
Rashard Higgins,WR,2016
Jakeem Grant,WR,2016
Josh Ferguson,RB,2016
Chris Moore,WR,2016
Leonard Fournette,RB,2017
Christian McCaffrey,RB,2017
Corey Davis,WR,2017
Joe Mixon,RB,2017
Dalvin Cook,RB,2017
Mike Williams,WR,2017
John Ross,WR,2017
Samaje Perine,RB,2017
O.J. Howard,TE,2017
Alvin Kamara,RB,2017
David Njoku,TE,2017
D'Onta Foreman,RB,2017
Zay Jones,WR,2017
JuJu Smith-Schuster,WR,2017
Kareem Hunt,RB,2017
Evan Engram,TE,2017
Bucky Hodges,TE,2017
Jamaal Williams,RB,2017
Jeremy McNichols,RB,2017
Curtis Samuel,WR,2017
Cooper Kupp,WR,2017
Patrick Mahomes,QB,2017
Chris Carson,RB,2017
Marlon Mack,RB,2017
Taywan Taylor,WR,2017
Mitchell Trubisky,QB,2017
Carlos Henderson,WR,2017
C.J. Beathard,QB,2017
Deshaun Watson,QB,2017
Chris Godwin,WR,2017
Wayne Gallman,RB,2017
Kenny Golladay,WR,2017
DeShone Kizer,QB,2017
Joseph Williams,RB,2017
James Conner,RB,2017
Isaiah Ford,WR,2017
Gerald Everett,TE,2017
Ardarius Stewart,WR,2017
Dede Westbrook,WR,2017
Joe Williams,RB,2017
Adam Shaheen,TE,2017
DeAngelo Henderson,RB,2017
Tarik Cohen,RB,2017
Malachi Dupre,WR,2017
Saquon Barkley,RB,2018
Royce Freeman,RB,2018
Sony Michel,RB,2018
Kerryon Johnson,RB,2018
Derrius Guice,RB,2018
DJ Moore,WR,2018
Rashaad Penny,RB,2018
Ronald Jones,RB,2018
Nick Chubb,RB,2018
Calvin Ridley,WR,2018
Baker Mayfield,QB,2018
Courtland Sutton,WR,2018
Anthony Miller,WR,2018
Michael Gallup,WR,2018
Christian Kirk,WR,2018
James Washington,WR,2018
Mike Gesicki,TE,2018
Nyheim Hines,RB,2018
Hayden Hurst,TE,2018
Kalen Ballage,RB,2018
Lamar Jackson,QB,2018
Dante Pettis,WR,2018
Sam Darnold,QB,2018
Josh Rosen,QB,2018
Antonio Callaway,WR,2018
Dallas Goedert,TE,2018
Bo Scarbrough,RB,2018
Jordan Wilkins,RB,2018
DJ Chark,WR,2018
Deleted Deleted,WR,2018
John Kelly,RB,2018
Josh Allen,QB,2018
Mason Rudolph,QB,2018
Tre'Quan Smith,WR,2018
Equanimeous St. Brown,WR,2018
Chase Edmonds,RB,2018
Keke Coutee,WR,2018
DaeSean Hamilton,WR,2018
Chris Warren III,RB,2018
Josh Jacobs,RB,2019
David Montgomery,RB,2019
Kyler Murray,QB,2019
Miles Sanders,RB,2019
Darrell Henderson Jr.,RB,2019
N'Keal Harry,WR,2019
DK Metcalf,WR,2019
A.J. Brown,WR,2019
Devin Singletary,RB,2019
Parris Campbell,WR,2019
T.J. Hockenson,TE,2019
Deebo Samuel Sr.,WR,2019
Dwayne Haskins,QB,2019
Justice Hill,RB,2019
Marquise Brown,WR,2019
Noah Fant,TE,2019
J.J. Arcega-Whiteside,WR,2019
Damien Harris,RB,2019
Mecole Hardman,WR,2019
Alexander Mattison,RB,2019
Andy Isabella,WR,2019
Daniel Jones,QB,2019
Preston Williams,WR,2019
Darwin Thompson,RB,2019
Hakeem Butler,WR,2019
Diontae Johnson,WR,2019
Bryce Love,RB,2019
Ryquell Armstead,RB,2019
Irv Smith Jr.,TE,2019
Myles Gaskin,RB,2019
Riley Ridley,WR,2019
Terry McLaurin,WR,2019
Benny Snell Jr.,RB,2019
Jalen Hurd,WR,2019
Drew Lock,QB,2019
Kelvin Harmon,WR,2019
Tony Pollard,RB,2019
Rodney Anderson,RB,2019
Trayveon Williams,RB,2019
Jakobi Meyers,WR,2019
Miles Boykin,WR,2019
Jace Sternberger,TE,2019
KeeSean Johnson,WR,2019
Dexter Williams,RB,2019
Hunter Renfrow,WR,2019
Will Grier,QB,2019
Clyde Edwards-Helaire,RB,2020
Jonathan Taylor,RB,2020
Jerry Jeudy,WR,2020
D'Andre Swift,RB,2020
J.K. Dobbins,RB,2020
CeeDee Lamb,WR,2020
Cam Akers,RB,2020
Justin Jefferson,WR,2020
Henry Ruggs III,WR,2020
Jalen Reagor,WR,2020
Joe Burrow,QB,2020
Tee Higgins,WR,2020
Brandon Aiyuk,WR,2020
Antonio Gandy- Golden,WR,2020
Tua Tagovailoa,QB,2020
Denzel Mims,WR,2020
Zack Moss,RB,2020
Laviska Shenault Jr.,WR,2020
Justin Herbert,QB,2020
Michael Pittman Jr.,WR,2020
KJ Hamler,WR,2020
Bryan Edwards,WR,2020
Ke'Shawn Vaughn,RB,2020
Antonio Gibson,RB,2020
Anthony McFarland Jr.,RB,2020
A.J. Dillon,RB,2020
Joshua Kelley,RB,2020
Jordan Love,QB,2020
Chase Claypool,WR,2020
Devin Duvernay,WR,2020
Cole Kmet,TE,2020
Van Jefferson,WR,2020
Darrynton Evans,RB,2020
Najee Harris,RB,2021
Kyle Pitts,TE,2021
Javonte Williams,RB,2021
Ja'Marr Chase,WR,2021
Trevor Lawrence,QB,2021
Trey Lance,QB,2021
Justin Fields,QB,2021
DeVonta Smith,WR,2021
Trey Sermon,RB,2021
Jaylen Waddle,WR,2021
Michael Carter,RB,2021
Zach Wilson,QB,2021
Terrace Marshall Jr.,WR,2021
Elijah Moore,WR,2021
Mac Jones,QB,2021
Rondale Moore,WR,2021
Dyami Brown,WR,2021
Amon-Ra St. Brown,WR,2021
Kadarius Toney,WR,2021
Kenneth Gainwell,RB,2021
Pat Freiermuth,TE,2021
Chuba Hubbard,RB,2021
Amari Rodgers,WR,2021
Joshua Palmer,WR,2021
Nico Collins,WR,2021
Javian Hawkins,RB,2021
Rhamondre Stevenson,RB,2021
D' Wayne Eskridge,WR,2021
Seth Williams,WR,2021
Tutu Atwell,WR,2021
Jaret Patterson,RB,2021
Hunter Long,TE,2021
Breece Hall,RB,2022
Drake London,WR,2022
Kenneth Walker III,RB,2022
Treylon Burks,WR,2022
Jameson Williams,WR,2022
Chris Olave,WR,2022
Skyy Moore,WR,2022
George Pickens,WR,2022
Christian Watson,WR,2022
James Cook,RB,2022
Jahan Dotson,WR,2022
Rachaad White,RB,2022
Dameon Pierce,RB,2022
David Bell,WR,2022
Kenny Pickett,QB,2022
Isaiah Spiller,RB,2022
Trey McBride,TE,2022
Alec Pierce,WR,2022
Jalen Tolbert,WR,2022
Zamir White,RB,2022
Wan'Dale Robinson,WR,2022
Brian Robinson Jr.,RB,2022
Malik Willis,QB,2022
Tyler Allgeier,RB,2022
Bubba Bolden,DB,2022
Matt Corral,QB,2022
Desmond Ridder,QB,2022
Bailey Zappe,QB,2022
Romeo Doubs,WR,2022
Khalil Shakir,WR,2022
Jelani Woods,TE,2022
Tyquan Thornton,WR,2022
Isiah Pacheco,RB,2022
Pierre Strong Jr.,RB,2022
Isaiah Likely,TE,2022
Daniel Faalele,OT,2022
Greg Dulcich,TE,2022
Hassan Haskins,RB,2022
Tyrion Davis-Price,RB,2022
Alex Wright,OLB,2022
Bijan Robinson,RB,2023
Jahmyr Gibbs,RB,2023
Jaxon Smith-Njigba,WR,2023
Jordan Addison,WR,2023
Quentin Johnston,WR,2023
Zay Flowers,WR,2023
C.J. Stroud,QB,2023
Anthony Richardson Sr.,QB,2023
Zach Charbonnet,RB,2023
Bryce Young,QB,2023
Kendre Miller,RB,2023
Dalton Kincaid,TE,2023
De'Von Achane,RB,2023
Michael Mayer,TE,2023
Marvin Mims Jr.,WR,2023
Josh Downs,WR,2023
Sam LaPorta,TE,2023
Jonathan Mingo,WR,2023
Tank Bigsby,RB,2023
Roschon Johnson,RB,2023
Jayden Reed,WR,2023
Tyjae Spears,RB,2023
Israel Abanikanda,RB,2023
Jalin Hyatt,WR,2023
Rashee Rice,WR,2023
Will Levis,QB,2023
Cedric Tillman,WR,2023
Trey Palmer,WR,2023
Luke Musgrave,TE,2023
Chase Brown,RB,2023
Hendon Hooker,QB,2023
Eric Gray,RB,2023
Tank Dell,WR,2023
DeWayne McBride,RB,2023
Evan Hull,RB,2023
Xavier Hutchinson,WR,2023
Tucker Kraft,TE,2023
Parker Washington,WR,2023
Michael Wilson,WR,2023
Luke Schoonmaker,TE,2023
Deuce Vaughn,RB,2023
Sean Tucker,RB,2023
A.T. Perry,WR,2023
Puka Nacua,WR,2023
Jake Haener,QB,2023
Caleb Williams,QB,2024
Marvin Harrison Jr.,WR,2024
Malik Nabers,WR,2024
Jayden Daniels,QB,2024
Drake Maye,QB,2024
J.J. McCarthy,QB,2024
Rome Odunze,WR,2024
Brock Bowers,TE,2024
Brian Thomas Jr.,WR,2024
Ladd McConkey,WR,2024
Keon Coleman,WR,2024
Xavier Worthy,WR,2024
Bo Nix,QB,2024
Jonathon Brooks,RB,2024
Trey Benson,RB,2024
Michael Penix Jr.,QB,2024
Adonai Mitchel,WR,2024
Blake Corum,RB,2024
Ricky Pearsall,WR,2024
Xavier Legette,WR,2024
Ja'Lynn Polk,WR,2024
Jaylen Wright,RB,2024
Roman Wilson,WR,2024
Ben Sinnott,TE,2024
Ja'Tavion Sanders,TE,2024
Jermaine Burton,WR,2024
Troy Franklin,WR,2024
Braelon Allen,RB,2024
Mar'Shawn Lloyd,RB,2024
Jordan Travis,QB,2024
Jalen McMillan,WR,2024
Malachi Corley,WR,2024
Javon Baker,WR,2024
Kimani Vidal,RB,2024
Ray Davis,RB,2024
Will Shipley,RB,2024
Bucky Irving,RB,2024
Ashton Jeanty,RB,2025
Omarion Hampton,RB,2025
TreVeyon Henderson,RB,2025
Tetairoa McMillan,WR,2025
Emeka Egbuka,WR,2025
Tyler Warren,TE,2025
Quinshon Judkins,RB,2025
Kaleb Johnson,RB,2025
RJ Harvey,RB,2025
Cam Ward,QB,2025
Matthew Golden,WR,2025
Colston Loveland,TE,2025
Luther Burden III,WR,2025
Tre Harris,WR,2025
Jayden Higgins,WR,2025
Cam Skattebo,RB,2025
Jaxson Dart,QB,2025
Kyle Williams,WR,2025
Bhayshul Tuten,RB,2025
Dylan Sampson,RB,2025
Jaydon Blue,RB,2025
Jalen Milroe,QB,2025
Mason Taylor,TE,2025
Elic Ayomanor,WR,2025
Harold Fannin Jr.,TE,2025
Savion Williams,WR,2025
Ollie Gordon II,RB,2025
DJ Giddens,RB,2025
Woody Marks,RB,2025
Shedeur Sanders,QB,2025
Pat Bryant,WR,2025
Will Howard,QB,2025
Jarquez Hunter,RB,2025
Kyle Monangai,RB,2025
Jalen Royals,WR,2025
Jaylin Noel,WR,2025
Isaac TeSlaa,WR,2025
Dont'e Thornton Jr.,WR,2025
Arian Smith,WR,2025
Trevor Etienne,RB,2025
Gunnar Helm,TE,2025
Jaylin Lane,WR,2025
KeAndre Lambert-Smith,WR,2025
Tahj Brooks,RB,2025
Tory Horton,WR,2025
Devin Neal,RB,2025
Elijah Arroyo,TE,2025
Jacory Croskey-Merritt,RB,2025
Jack Bech,WR,2025
Travis Hunter,WR,2025
Isaiah Bond,WR,2025